{"cameraMode":{"drawMode":0,"name":"Shaded","section":"Shading Mode"},"sceneLighting":false,"audioPlay":false,"sceneViewState":{"m_AlwaysRefresh":false,"showFog":true,"showSkybox":false,"showFlares":true,"showImageEffects":true,"showParticleSystems":true,"showVisualEffectGraphs":true,"m_FxEnabled":true},"in2DMode":false,"pivot":{"x":-0.04920029640197754,"y":-0.11035418510437012,"z":-0.31431829929351809},"rotation":{"x":0.13271167874336244,"y":0.1992645114660263,"z":-0.02724737673997879,"w":0.9705356955528259},"size":1.1527440547943116,"orthographic":true}