{"cameraMode":{"drawMode":0,"name":"Shaded","section":"Shading Mode"},"sceneLighting":false,"audioPlay":false,"sceneViewState":{"m_AlwaysRefresh":false,"showFog":true,"showSkybox":false,"showFlares":true,"showImageEffects":true,"showParticleSystems":true,"showVisualEffectGraphs":true,"m_FxEnabled":true},"in2DMode":false,"pivot":{"x":-3.0414576530456545,"y":1.237433671951294,"z":0.31544357538223269},"rotation":{"x":0.13271167874336244,"y":0.1992645114660263,"z":-0.02724737673997879,"w":0.9705356955528259},"size":0.5448623895645142,"orthographic":true}